Parent KZA,Daughter KZA,Emitted Particles,Cross Sections
22481,224820, total,"[789.8877, 380.56960000000004, 199.1075, 176.0522, 155.7091, 137.7533, 121.9285, 107.9707, 95.64930000000001, 84.73504, 75.09049, 66.60247, 59.087050000000005, 52.445440000000005, 46.593999999999994, 41.40698999999999, 36.82671, 32.77748, 29.194390000000002, 26.01364, 23.2024, 20.70224, 18.48028, 16.504669999999997, 14.74577, 13.17563, 11.77686, 10.52849, 9.422582, 8.454823, 7.62474, 6.944971, 6.438816, 6.152276, 6.167031, 6.54833, 6.864012, 4.193899, 2.698784, 2.698694, 2.698547, 2.698384, 2.698245, 2.699138, 2.701663, 2.706695, 2.716953, 2.897345, 4.447054, 7.695594, 13.173760000000001, 14.341539999999998, 13.702179999999998, 13.364849999999999, 13.18906, 12.9166, 12.59422, 12.2403, 11.625, 11.19891, 10.638829999999999, 9.881002, 9.157153, 8.515171, 7.740433, 7.195476, 6.865722, 6.595482, 6.4548, 6.14799, 5.696944, 5.443527, 5.310818, 5.171311, 5.024515, 4.870343, 4.70822, 4.550612, 4.425759, 4.297983, 4.18344, 4.076886, 3.96556, 3.863901, 3.763682, 3.672723, 3.591212, 3.46301, 3.32823, 3.25741, 3.224899, 3.211945, 3.197433, 3.120188, 3.000777, 2.910227, 2.847066, 2.755811, 2.677294, 2.650966, 2.622331, 2.593211, 2.582475, 2.578159, 2.577052, 2.584984, 2.596266, 2.610317, 2.627535, 2.654124, 2.68462, 2.725901, 2.770643, 2.845347, 2.93402, 2.99893, 3.067129, 3.13883, 3.21421, 3.29138, 3.367661, 3.44664, 3.519156, 3.592313, 3.657584, 3.71947, 3.773975, 3.822175, 3.855612, 3.872197, 3.880651, 3.88636, 3.899964, 3.917486, 3.935866, 3.94456, 3.946981, 3.940007, 3.929668, 3.898788, 3.84039, 3.763628, 3.692454, 3.641581, 3.588107, 3.531903, 3.472822, 3.410709, 3.34542, 3.289081, 3.25673, 3.213693, 3.145357, 3.073531, 2.996766, 2.920409, 2.849832, 2.773921, 2.695535, 2.61814, 2.547393, 2.481622, 2.422753, 2.383064, 2.352226, 2.312687, 2.292164, 2.274267, 2.257074, 2.241167, 2.224418, 2.182243, 2.160812, 2.147997, 2.11893]"
22481,224820,z0,"[3.10876, 3.080444, 3.075481, 3.075078, 3.07488, 3.074626, 3.074299, 3.07397, 3.073915, 3.073882, 3.07384, 3.073786, 3.073717, 3.073628, 3.073515, 3.073368, 3.07318, 3.072939, 3.072629, 3.072231, 3.07172, 3.071064, 3.070221, 3.06914, 3.06775, 3.065967, 3.063677, 3.060737, 3.056961, 3.052104, 3.044081, 3.032304, 3.017183, 2.997766, 2.982384, 3.004272, 3.072713, 2.846697, 2.69537, 2.69537, 2.695369, 2.69537, 2.69537, 2.695369, 2.695371, 2.69537, 2.69537, 2.695371, 2.69537, 2.69537, 2.692555, 2.638677, 2.591534, 2.56639, 2.553287, 2.532977, 2.508948, 2.482567, 2.434136, 2.388776, 2.323564, 2.238947, 2.161109, 2.094829, 2.011912, 1.942467, 1.893784, 1.85165, 1.825034, 1.767799, 1.689379, 1.645204, 1.619672, 1.592833, 1.564591, 1.53493, 1.50374, 1.472965, 1.44349, 1.412605, 1.38185, 1.350707, 1.318363, 1.29364, 1.271682, 1.249949, 1.228423, 1.196414, 1.164456, 1.148113, 1.141051, 1.138253, 1.135129, 1.118491, 1.090313, 1.070588, 1.058435, 1.044088, 1.028357, 1.021295, 1.021423, 1.022579, 1.025519, 1.031592, 1.039741, 1.049669, 1.062857, 1.078809, 1.096981, 1.118546, 1.142726, 1.172664, 1.203876, 1.254515, 1.314491, 1.358704, 1.405695, 1.456655, 1.510329, 1.566736, 1.626077, 1.688295, 1.750125, 1.813559, 1.876632, 1.939298, 1.999152, 2.057127, 2.102415, 2.130027, 2.142525, 2.150505, 2.170745, 2.209561, 2.250869, 2.286587, 2.317163, 2.341062, 2.357998, 2.37228, 2.367352, 2.335963, 2.295509, 2.261731, 2.221734, 2.176828, 2.125798, 2.07213, 2.015166, 1.964503, 1.933032, 1.890852, 1.823874, 1.756159, 1.687645, 1.617947, 1.548202, 1.478742, 1.409532, 1.340026, 1.275592, 1.214322, 1.158127, 1.119649, 1.089713, 1.051955, 1.033137, 1.017313, 1.002972, 0.9905433000000001, 0.978434, 0.953426, 0.9437661, 0.9393900000000001, 0.9374213]"
22481,224810, nonelas.,"[1.7371499999999997e-11, 8.343209999999999e-12, 4.33414e-12, 3.82428e-12, 3.37491e-12, 2.9790199999999996e-12, 2.62898e-12, 2.3199e-12, 2.04827e-12, 1.8075799999999999e-12, 1.5947199999999999e-12, 1.40741e-12, 1.24258e-12, 1.0965499999999998e-12, 9.66748e-13, 8.54719e-13, 7.536170000000001e-13, 6.64869e-13, 5.86587e-13, 5.17899e-13, 4.56973e-13, 4.0314500000000005e-13, 3.55872e-13, 3.13805e-13, 2.7793299999999997e-13, 2.4447899999999996e-13, 2.15937e-13, 1.90557e-13, 1.68021e-13, 1.48311e-13, 1.30862e-13, 1.1563600000000001e-13, 1.02149e-13, 8.98677e-14, 7.93935e-14, 7.00054e-14, 6.35234e-14, 0.002253632, 0.0034142990000000004, 0.003323354, 0.003177998, 0.0030145270000000004, 0.002875531, 0.003769839, 0.006296874, 0.01133072, 0.02159828, 0.2019329, 1.751161, 4.998821, 10.47855, 11.70293, 11.110930000000002, 10.798760000000001, 10.63609, 10.38394, 10.08561, 9.758086, 9.191229, 8.810467, 8.315555, 7.642276, 6.996204, 6.420437, 5.728787, 5.253441, 4.973616, 4.744242, 4.630576, 4.382325, 4.008215, 3.798368, 3.691195, 3.578521, 3.459973, 3.335459, 3.204525, 3.077687, 2.982303, 2.885408, 2.802092, 2.727515, 2.649156, 2.570287, 2.492015, 2.422791, 2.362808, 2.266613, 2.163791, 2.109308, 2.083873, 2.073701, 2.062313, 2.001656, 1.910042, 1.838871, 1.788058, 1.712568, 1.649158, 1.629665, 1.600907, 1.570652, 1.557302, 1.546568, 1.537422, 1.53559, 1.533663, 1.531638, 1.530647, 1.536168, 1.543023, 1.553609, 1.567247, 1.59003, 1.618068, 1.638125, 1.659199, 1.681355, 1.704522, 1.723821, 1.74147, 1.758676, 1.768934, 1.778332, 1.781848, 1.781702, 1.775025, 1.764667, 1.753307, 1.744159, 1.739495, 1.736346, 1.72836, 1.709935, 1.685041, 1.65887, 1.631357, 1.602425, 1.572084, 1.529357, 1.474973, 1.428115, 1.398265, 1.380838, 1.365688, 1.353351, 1.342788, 1.335568, 1.329155, 1.326121, 1.324703, 1.322803, 1.319785, 1.316614, 1.310986, 1.304817, 1.301414, 1.293881, 1.285964, 1.278113, 1.271801, 1.267299, 1.264626, 1.263414, 1.262513, 1.260732, 1.259027, 1.256954, 1.254102, 1.250624, 1.245984, 1.228817, 1.217046, 1.208607, 1.181509]"
22481,224810,n,"[1.0248399999999999e-20, 4.55138e-20, 7.28387e-20, 1.16242e-19, 1.3999999999999998e-19, 1.3999999999999998e-19, 1.3999999999999998e-19, 1.3999999999999998e-19, 1.3999999999999998e-19, 1.3999999999999998e-19, 0.16909860000000002, 1.703271, 4.922692, 10.354659999999999, 11.56725, 10.98165, 10.67297, 10.51211, 10.262770000000002, 9.967768, 9.643897, 9.083358, 8.70683, 8.217414, 7.551611, 6.912714, 6.343341, 5.658693, 5.187342, 4.909133, 4.683541, 4.57113, 4.325199, 3.957024, 3.749492, 3.643347, 3.531753, 3.414341, 3.291021, 3.161342, 3.035825, 2.941832, 2.846397, 2.764139, 2.690341, 2.613019, 2.537027, 2.459408, 2.390858, 2.331588, 2.236537, 2.134937, 2.081103, 2.05597, 2.045919, 2.034661, 1.97465, 1.884542, 1.814637, 1.764271, 1.688196, 1.626584, 1.608129, 1.579691, 1.549754, 1.536429, 1.526302, 1.517276, 1.515519, 1.513771, 1.511984, 1.511138, 1.516204, 1.522553, 1.53388, 1.546774, 1.570722, 1.599411, 1.619805, 1.640657, 1.66244, 1.684984, 1.703617, 1.721574, 1.738268, 1.748232, 1.757605, 1.759846, 1.759324, 1.752682, 1.742313, 1.729561, 1.720579, 1.716, 1.712908, 1.704133, 1.684418, 1.658676, 1.630412, 1.600573, 1.56988, 1.538806, 1.493424, 1.436236, 1.387377, 1.356318, 1.336963, 1.319638, 1.304414, 1.291097, 1.279452, 1.269285, 1.261457, 1.256905, 1.251132, 1.241968, 1.231725, 1.2176, 1.183448, 1.116405, 1.022687, 0.9086335000000001, 0.7796912, 0.6611926000000001, 0.5588491000000001, 0.47268480000000007, 0.4193772, 0.38241260000000005, 0.3392467, 0.3191377, 0.3029153, 0.2888883, 0.2761271, 0.2631538, 0.2348242, 0.22138230000000003, 0.2130187, 0.19215230000000003]"
22481,224800,2n,"[5.760229e-05, 0.01901934, 0.07351194999999999, 0.1498451, 0.2455647, 0.3554318, 0.4555498, 0.5401801, 0.6079034000000001, 0.6459826, 0.6683616, 0.687913, 0.6927345, 0.6939293000000001, 0.6916145, 0.687637, 0.6813624, 0.6542769, 0.6358406, 0.6228149000000001, 0.5807251]"
22481,224790,3n,"[5.144451e-06, 0.002407368]"
22481,224810,nα,"[4.48008e-19, 4.8948e-18, 9.596590000000002e-18, 1.25166e-17, 1.64303e-17, 6.72037e-16, 5.02922e-13, 2.49656e-10, 3.8696950000000005e-09, 5.044098e-08, 4.4340339999999996e-07, 2.708902e-06, 1.5541210000000004e-05, 7.168124e-05, 0.0002691171, 0.0008249560000000001, 0.001634044, 0.002750499, 0.005210226, 0.007153758, 0.009216867, 0.011636420000000001, 0.014311720000000002, 0.017610220000000003, 0.02793734, 0.034335460000000005, 0.038723480000000005, 0.05164865]"
22481,224800,2nα,"[2.13665e-17, 3.30098e-11]"
22481,214800,np,"[1.11904e-10, 6.241054e-08, 2.09517e-06, 5.9588570000000005e-05, 0.0005075665, 0.0023486120000000004, 0.007018133, 0.017008810000000003, 0.03327113, 0.04928542, 0.06566458, 0.09168037999999999, 0.10743990000000002, 0.1222432, 0.13747640000000003, 0.1519552, 0.1671603, 0.2037349, 0.2212425, 0.23199610000000004, 0.2564001]"
22481,224810,n2α,"[3.77267e-24, 1.2532399999999998e-21, 1.03254e-20, 1.56326e-20, 1.9291599999999998e-20, 1.5277700000000003e-17]"
22481,224810,nd,"[7.092369999999999e-14, 4.544467e-08, 5.7023170000000004e-05]"
22481,224810,nt),[6.6045999999999995e-12]
22481,224810,n3He,[6.78444e-17]
22481,214790,2np,[6.500880000000001e-08]
22481,204790,n2p,"[7.215980000000001e-15, 4.16701e-14, 5.799366e-08]"
22481,214800,npα,[1.67332e-19]
22481,224811,n,"[7.32025e-22, 3.2509899999999995e-21, 5.202759999999999e-21, 8.30301e-21, 1e-20, 1e-20, 1e-20, 1e-20, 1e-20, 1e-20, 0.016408370000000002, 0.16527570000000003, 0.4776699, 1.004623, 1.11986, 1.06123, 1.030326, 1.014222, 0.9892603, 0.9597267, 0.9273030000000001, 0.8711619000000002, 0.8333402, 0.7841249000000001, 0.7171723000000001, 0.6529253, 0.5956696, 0.5267079, 0.478963, 0.4506975, 0.42767410000000006, 0.4159859, 0.3904136, 0.35213910000000004, 0.33040500000000006, 0.3191918, 0.30740310000000004, 0.2949998, 0.2819723, 0.26827320000000004, 0.2549718, 0.24485160000000003, 0.2345528, 0.2251459, 0.21625130000000004, 0.20695770000000002, 0.1984486, 0.1900446, 0.1826462, 0.17627710000000002, 0.16606300000000002, 0.1551451, 0.14936000000000002, 0.14665930000000002, 0.1455792, 0.1443671, 0.1377389, 0.12713170000000001, 0.118784, 0.11283280000000001, 0.10378570000000001, 0.09262701, 0.08541776000000001, 0.08146934, 0.07732657, 0.07339956, 0.06986233, 0.0665549, 0.06328857, 0.0604805, 0.057853009999999996, 0.055186120000000005, 0.052930710000000006, 0.05065363, 0.04842832, 0.04644201, 0.043971970000000006, 0.041387890000000004, 0.03957975, 0.03799645, 0.03640876, 0.03475206, 0.03318733, 0.031598470000000003, 0.02996609, 0.028380350000000002, 0.0267313, 0.02511839, 0.02346905, 0.02185904, 0.020238420000000003, 0.018936500000000002, 0.018159909999999998, 0.017764040000000002, 0.017496730000000002, 0.01686393, 0.01563992, 0.01419727, 0.012818570000000001, 0.01152042, 0.01029236, 0.009137126, 0.0075881030000000006, 0.0057820169999999995, 0.00416839, 0.003082095, 0.0025878230000000004, 0.00215562, 0.001781982, 0.001460724, 0.001186278, 0.0009552314000000001, 0.0007888167, 0.0007006484, 0.0005999426, 0.00046761210000000004, 0.0003598375, 0.00027393830000000004, 0.00020639590000000001, 0.0001521928, 0.0001103678, 7.870758e-05, 5.469421e-05, 3.770618e-05, 2.560085e-05, 1.709707e-05, 1.2412460000000002e-05, 9.443758999999999e-06, 6.306047999999999e-06, 4.994095999999999e-06, 4.005899999999999e-06, 3.217492e-06, 2.581743e-06, 2.023404e-06, 1.044586e-06, 7.032401e-07, 5.209118e-07, 2.444002e-07]"
22481,224812,n,"[7.32025e-22, 3.2509899999999995e-21, 5.202759999999999e-21, 8.30301e-21, 1e-20, 1e-20, 1e-20, 1e-20, 1e-20, 1e-20, 0.04521051, 0.4553895, 1.31614, 2.768124, 3.086617, 2.925882, 2.841165, 2.797017, 2.728587, 2.647624, 2.558738, 2.404855, 2.301284, 2.16656, 1.983281, 1.807409, 1.650675, 1.462101, 1.33194, 1.254807, 1.191943, 1.159957, 1.089977, 0.9855943, 0.9265744, 0.8960495, 0.8639576, 0.8301925000000001, 0.7947283, 0.7574358000000001, 0.7211892, 0.6934713000000001, 0.6652472, 0.6394166000000001, 0.6149514, 0.5894079, 0.5664812, 0.5440647000000001, 0.5242358, 0.507054, 0.4794997000000001, 0.4500469, 0.43444079999999996, 0.42715500000000006, 0.42424140000000005, 0.4209819000000001, 0.4033611, 0.3749597, 0.35257150000000004, 0.33662260000000005, 0.312485, 0.2824667, 0.2631562, 0.2530601, 0.2424697, 0.23235260000000002, 0.2233565, 0.21493910000000002, 0.206575, 0.1994157, 0.1927367, 0.1859511, 0.1801737, 0.1743313, 0.1685223, 0.163283, 0.1564665, 0.149197, 0.1440712, 0.1392171, 0.13424270000000002, 0.1290289, 0.1237728, 0.1183155, 0.1126396, 0.106879, 0.1008578, 0.09483438, 0.08862207, 0.08250083999999999, 0.07630656000000001, 0.07131030000000001, 0.0683238, 0.06680141, 0.06577341, 0.0633445, 0.05865506, 0.05313861, 0.047884130000000004, 0.04296303, 0.03833758, 0.03401507, 0.02826939, 0.02163985, 0.01574692, 0.011770810000000001, 0.009967496000000001, 0.008381881, 0.006999336, 0.0057984049999999995, 0.0047597030000000005, 0.00387268, 0.003225306, 0.002878705, 0.00247873, 0.0019473609999999999, 0.0015086470000000001, 0.0011547579999999999, 0.0008737393000000001, 0.0006468597, 0.0004709146, 0.0003372826, 0.0002356624, 0.000163558, 0.00011194930000000002, 7.544803e-05, 5.5183020000000005e-05, 4.2234140000000006e-05, 2.842856e-05, 2.26049e-05, 1.819392e-05, 1.4654010000000001e-05, 1.1788000000000001e-05, 9.259672999999998e-06, 4.798390999999999e-06, 3.234968e-06, 2.398443e-06, 1.126433e-06]"
22481,224813,n,"[7.32025e-22, 3.2509899999999995e-21, 5.202759999999999e-21, 8.30301e-21, 1e-20, 1e-20, 1e-20, 1e-20, 1e-20, 1e-20, 0.011878679999999999, 0.1196497, 0.3458045, 0.7274106, 0.8131352000000001, 0.7725695, 0.751194, 0.7400547000000001, 0.7227887000000001, 0.7023605, 0.6799332, 0.6411439, 0.6152118, 0.5815658, 0.5357938, 0.49187139999999996, 0.45272860000000004, 0.4059326000000001, 0.3742051, 0.3552748, 0.33978860000000005, 0.33179090000000006, 0.3142927, 0.2889194, 0.27516240000000003, 0.2679362, 0.26033900000000004, 0.2523456, 0.2439501, 0.23512170000000002, 0.2264828, 0.2196554, 0.21267680000000003, 0.2062064, 0.20001060000000004, 0.1935678, 0.1884161, 0.18369690000000002, 0.1794142, 0.17557730000000002, 0.16942400000000002, 0.1628467, 0.1593616, 0.1577346, 0.157084, 0.1563749, 0.15294960000000002, 0.1472475, 0.1427179, 0.1394766, 0.1342637, 0.1274854, 0.1234269, 0.12217340000000002, 0.1208643, 0.11959090000000001, 0.11873560000000001, 0.1180351, 0.1173279, 0.11682440000000001, 0.11641950000000001, 0.11601520000000001, 0.1157136, 0.11541570000000001, 0.115042, 0.1146631, 0.1136742, 0.11240190000000001, 0.1114271, 0.10978280000000001, 0.10790310000000002, 0.10588260000000001, 0.10313440000000001, 0.1000396, 0.09666205, 0.09267564, 0.08843807000000001, 0.08383708000000001, 0.07895088, 0.0739307, 0.06873208, 0.06444628, 0.061855770000000004, 0.06053523, 0.05964353, 0.05751545, 0.05336678, 0.048468950000000004, 0.043781280000000006, 0.03938459, 0.035248879999999996, 0.03138586, 0.02626673, 0.020372770000000002, 0.01509854, 0.01149899, 0.009874873, 0.008434005000000001, 0.007163407, 0.006042937, 0.00505635, 0.004194426, 0.003551659, 0.003201052, 0.002789147, 0.002230007, 0.0017556350000000002, 0.001362923, 0.001043583, 0.0007813299, 0.0005746465, 0.00041558510000000003, 0.00029329960000000005, 0.00020571320000000004, 0.00014246080000000002, 9.726881000000001e-05, 7.191904e-05, 5.5546770000000006e-05, 3.7888340000000004e-05, 3.0346220000000002e-05, 2.458665e-05, 1.992134e-05, 1.6118070000000002e-05, 1.2735730000000001e-05, 6.685208e-06, 4.537302e-06, 3.3817469999999996e-06, 1.601748e-06]"
22481,224814,n,"[7.32025e-22, 3.2509899999999995e-21, 5.202759999999999e-21, 8.30301e-21, 1e-20, 1e-20, 1e-20, 1e-20, 1e-20, 1e-20, 0.02635465, 0.2654611, 0.7672199000000001, 1.613722, 1.801133, 1.708851, 1.660217, 1.634872, 1.595588, 1.549109, 1.498082, 1.409767, 1.350452, 1.273357, 1.168477, 1.067835, 0.9781446000000001, 0.8704795000000001, 0.7966300000000001, 0.7527452000000001, 0.7169274, 0.6985975, 0.6584939000000001, 0.5990884000000001, 0.5657704, 0.5484394, 0.5302188, 0.5110482000000001, 0.49091290000000004, 0.46973960000000003, 0.4491116, 0.4331533000000001, 0.4168813, 0.4019214, 0.3876974, 0.37285900000000005, 0.359843, 0.34726880000000004, 0.336056, 0.3262351, 0.3104855, 0.29365070000000004, 0.2847305, 0.28056610000000004, 0.2789007, 0.2770451, 0.2671564, 0.2510439, 0.23831159999999998, 0.2292093, 0.2148573, 0.196727, 0.1851152, 0.1793401, 0.17328390000000002, 0.16745810000000003, 0.16234150000000003, 0.1575564, 0.15277970000000002, 0.1488083, 0.145178, 0.1414998, 0.13842859999999998, 0.1353349, 0.1322635, 0.1294957, 0.1257637, 0.1217261, 0.11885060000000001, 0.1158621, 0.1127278, 0.1094206, 0.1057734, 0.10188040000000001, 0.09775375, 0.09329259000000001, 0.08859364, 0.08369426, 0.07856345, 0.07338012000000001, 0.06806077, 0.06370526, 0.061081640000000006, 0.05974422, 0.058841130000000005, 0.05668869, 0.052497850000000006, 0.04754712, 0.04280317, 0.03834459, 0.03414493, 0.03021502, 0.024998589999999998, 0.01901512, 0.01376587, 0.01026764, 0.008696358999999999, 0.0073241420000000005, 0.006135619, 0.005106325, 0.004217360000000001, 0.003456228, 0.0028982039999999997, 0.00259757, 0.0022484600000000003, 0.001780446, 0.00138904, 0.001069086, 0.0008118315000000001, 0.0006023741000000001, 0.00043879140000000004, 0.0003140589, 0.0002191452, 0.00015194470000000002, 0.0001040211, 7.024495e-05, 5.152551e-05, 3.95604e-05, 2.6776170000000004e-05, 2.1362540000000004e-05, 1.7249370000000003e-05, 1.393462e-05, 1.1241850000000001e-05, 8.856565e-06, 4.616556e-06, 3.120435e-06, 2.317727e-06, 1.090311e-06]"
22481,224815,n,"[7.32025e-22, 3.2509899999999995e-21, 5.202759999999999e-21, 8.30301e-21, 1e-20, 1e-20, 1e-20, 1e-20, 1e-20, 1e-20, 0.01669768, 0.1681898, 0.4860923, 1.022463, 1.142084, 1.084345, 1.053919, 1.038063, 1.013486, 0.9844073, 0.9524835, 0.8972435000000001, 0.860193, 0.8120618000000001, 0.746584, 0.6837522, 0.6277576, 0.5606127, 0.5146834, 0.4873292, 0.46498090000000003, 0.4534991, 0.42837800000000004, 0.3911566, 0.37021250000000006, 0.35928540000000003, 0.3477975, 0.3357105, 0.3230153, 0.3096656, 0.29664510000000005, 0.2865163, 0.2761818, 0.2666598, 0.25758960000000003, 0.2481331, 0.2399705, 0.2321532, 0.2251533, 0.21898870000000004, 0.2091026, 0.19853540000000003, 0.1929362, 0.19032210000000002, 0.18927680000000002, 0.18811270000000002, 0.1819164, 0.17177, 0.1637436, 0.15797090000000003, 0.1483002, 0.1359597, 0.1279431, 0.12374790000000001, 0.1193473, 0.11511460000000001, 0.1112693, 0.10763100000000002, 0.10400730000000001, 0.1010249, 0.09831873999999999, 0.09557259, 0.09325369, 0.0909124, 0.08857709, 0.08646675999999999, 0.08365855, 0.08063618, 0.0784933, 0.07635462999999999, 0.07413346, 0.0717961, 0.06930877, 0.0666818, 0.06391533, 0.060987349999999996, 0.05791052, 0.054735980000000004, 0.05142387, 0.04808998, 0.04467504, 0.04187896000000001, 0.04019472, 0.03933616, 0.03875642, 0.03737229, 0.034672930000000005, 0.03147694, 0.028403139999999997, 0.025500340000000003, 0.02275446, 0.02017312, 0.01672382, 0.012739970000000002, 0.009220474, 0.006867736, 0.005808244000000001, 0.004882741, 0.004081264, 0.0033881220000000004, 0.002790434, 0.002279934, 0.0019066240000000002, 0.001706059, 0.001473668, 0.0011631270000000001, 0.0009045306000000001, 0.0006940737, 0.0005255888, 0.00038886, 0.00028242720000000004, 0.00020151150000000004, 0.0001401161, 9.677885e-05, 6.59803e-05, 4.4365870000000006e-05, 3.2437630000000005e-05, 2.484496e-05, 1.67657e-05, 1.3357750000000001e-05, 1.077444e-05, 8.697298e-06, 7.012279999999999e-06, 5.521829e-06, 2.876967e-06, 1.944485e-06, 1.4442759999999998e-06, 6.793220999999999e-07]"
22481,224816,n,"[7.32025e-22, 3.2509899999999995e-21, 5.202759999999999e-21, 8.30301e-21, 1e-20, 1e-20, 1e-20, 1e-20, 1e-20, 1e-20, 0.0013897330000000002, 0.01399829, 0.04045703, 0.08513396000000001, 0.09574790999999999, 0.09148017, 0.08923294999999999, 0.08806188000000001, 0.08624669000000001, 0.08409905999999999, 0.08174126, 0.07767566000000001, 0.07501477000000001, 0.07159059, 0.06693234, 0.06246235000000001, 0.058478760000000005, 0.053765890000000004, 0.050665699999999994, 0.048792140000000005, 0.04724865, 0.04642964, 0.04463765000000001, 0.042173930000000005, 0.04096641, 0.04031885, 0.03963805, 0.03892175, 0.038169400000000006, 0.03737827, 0.03659606, 0.03594751, 0.035281030000000005, 0.03465098, 0.034038, 0.03340307, 0.032955860000000003, 0.03258037, 0.0322311, 0.03190848, 0.0313911, 0.030838070000000002, 0.03054503, 0.03040823, 0.030353520000000002, 0.0302962, 0.030073500000000003, 0.029696729999999998, 0.02939587, 0.029162240000000002, 0.02848012, 0.027520190000000003, 0.026896080000000003, 0.02661184, 0.026313930000000003, 0.026020460000000002, 0.02574697, 0.02548225, 0.02521546, 0.025016120000000003, 0.02484867, 0.024678330000000002, 0.02453205, 0.02438357, 0.02421785, 0.02405864, 0.02377404, 0.02343649, 0.02318649, 0.02283851, 0.022451880000000004, 0.02203829, 0.021503030000000003, 0.020907170000000003, 0.0202577, 0.019493990000000003, 0.01868179, 0.01779019, 0.016839550000000002, 0.01584805, 0.014812559999999999, 0.013944780000000002, 0.013415990000000001, 0.01314643, 0.012964409999999999, 0.012524219999999999, 0.01165531, 0.010618289999999999, 0.009609092000000001, 0.008646113, 0.00772804, 0.006859434, 0.005690527000000001, 0.004330584, 0.003124635, 0.002318779, 0.001955703, 0.001639376, 0.0013664950000000001, 0.0011316079999999999, 0.0009300988, 0.0007588945, 0.0006342402000000001, 0.0005674745, 0.0004902665, 0.00038725310000000003, 0.0003015345, 0.00023171510000000002, 0.0001757042, 0.0001301408, 9.457956e-05, 6.74812e-05, 4.688807e-05, 3.2345730000000007e-05, 2.2018650000000003e-05, 1.478416e-05, 1.079993e-05, 8.268672e-06, 5.579433e-06, 4.446299e-06, 3.5877289999999997e-06, 2.897434e-06, 2.337355e-06, 1.8417589999999998e-06, 9.61205e-07, 6.502377e-07, 4.832968e-07, 2.2749109999999997e-07]"
22481,224817,n,"[7.32025e-22, 3.2509899999999995e-21, 5.202759999999999e-21, 8.30301e-21, 1e-20, 1e-20, 1e-20, 1e-20, 1e-20, 1e-20, 0.016691670000000002, 0.1681293, 0.48591720000000005, 1.022027, 1.140337, 1.081578, 1.05061, 1.034472, 1.009458, 0.9798624, 0.9473708000000001, 0.8911394, 0.8533833, 0.8043152, 0.7375630000000001, 0.6735083000000001, 0.6164239, 0.5479221, 0.5009936, 0.47313460000000007, 0.4504027, 0.438782, 0.413357, 0.3757942, 0.354843, 0.34394900000000006, 0.33249590000000007, 0.3204456, 0.30778890000000003, 0.2944797, 0.2815142, 0.27148720000000004, 0.26126350000000004, 0.2518654, 0.2429306, 0.23361550000000003, 0.2255821, 0.21789239999999999, 0.21102490000000002, 0.204998, 0.19533270000000003, 0.1850015, 0.1795273, 0.1769716, 0.1759496, 0.1748189, 0.16897850000000003, 0.15943240000000003, 0.1518822, 0.1464934, 0.1381224, 0.127511, 0.1207968, 0.1176925, 0.1144387, 0.1112995, 0.10871800000000001, 0.1063626, 0.10400560000000002, 0.10226740000000001, 0.10082390000000002, 0.09939740000000001, 0.09842136, 0.09748378, 0.09669297, 0.0960549, 0.09522686999999999, 0.09434474, 0.09368563, 0.09271726, 0.09163198, 0.09045481000000001, 0.08870634000000001, 0.08670042, 0.08444952000000001, 0.08158616, 0.07851458, 0.07497919, 0.07115128999999999, 0.06706169000000001, 0.06273727, 0.05906701, 0.05681668, 0.055669550000000005, 0.05489495, 0.05301321, 0.049282950000000006, 0.04482593, 0.040483269999999995, 0.036345670000000004, 0.03241176, 0.028703270000000003, 0.02374446, 0.01802549, 0.01300404, 0.009667313, 0.008171248, 0.006869766, 0.005747419, 0.004780801, 0.00394965, 0.003241302, 0.0027233070000000003, 0.0024448340000000003, 0.002121079, 0.00168666, 0.001321947, 0.001022001, 0.0007790415, 0.0005799085, 0.0004233338, 0.00030328520000000005, 0.000211604, 0.0001466041, 0.0001002826, 6.770326e-05, 4.968487e-05, 3.818413e-05, 2.5902320000000002e-05, 2.0698270000000003e-05, 1.674076e-05, 1.3546200000000001e-05, 1.094698e-05, 8.639772e-06, 4.521377e-06, 3.061856e-06, 2.2773579999999997e-06, 1.072892e-06]"
22481,224818,n,"[7.32025e-22, 3.2509899999999995e-21, 5.202759999999999e-21, 8.30301e-21, 1e-20, 1e-20, 1e-20, 1e-20, 1e-20, 1e-20, 0.009356085, 0.09424054, 0.2723684, 0.5728913000000001, 0.6395898, 0.606971, 0.589781, 0.5808228, 0.5669376, 0.5505094, 0.5324735, 0.5012679000000001, 0.4803519, 0.4531875000000001, 0.416233, 0.38077190000000005, 0.3491696, 0.31132570000000004, 0.28555640000000004, 0.270235, 0.2577207, 0.2512978, 0.2372451, 0.21691280000000002, 0.20598130000000003, 0.20026259999999999, 0.19425030000000001, 0.1879246, 0.1812805, 0.1742939, 0.16746760000000002, 0.16211160000000002, 0.1566415, 0.1515843, 0.1467533, 0.1417245, 0.1375758, 0.13370310000000002, 0.13020810000000002, 0.1270988, 0.12211250000000001, 0.1167827, 0.11395850000000002, 0.1126401, 0.1121128, 0.1115379, 0.10875459999999999, 0.10414620000000002, 0.10048960000000001, 0.09789678, 0.09412139, 0.08929401000000001, 0.08641806, 0.08555735, 0.08465875, 0.08379120000000001, 0.08334386, 0.08305099, 0.0827609, 0.08278890000000001, 0.08299118, 0.08324884, 0.08377939, 0.08438048000000001, 0.08516991000000002, 0.0859839, 0.08704853, 0.0881864, 0.08893686, 0.08916669, 0.08927237, 0.0893266, 0.0885798, 0.08753259999999999, 0.08620322, 0.08400908, 0.08160038, 0.0785074, 0.07504893, 0.07116506, 0.06695588, 0.06328373, 0.061002900000000006, 0.059840229999999994, 0.059055130000000004, 0.057122849999999996, 0.05324648, 0.048582770000000004, 0.043994160000000004, 0.03959159, 0.035386890000000004, 0.03140955, 0.02607424, 0.01990694, 0.01446215, 0.010824700000000001, 0.009193675, 0.007770356, 0.006537265, 0.005470005, 0.004546842, 0.0037547310000000003, 0.0031712370000000004, 0.00285583, 0.0024873620000000003, 0.001989414, 0.0015677700000000002, 0.001218209, 0.0009328011000000001, 0.0006974947, 0.000511367, 0.00036788850000000003, 0.00025776309999999997, 0.0001793183, 0.0001231665, 8.349911000000002e-05, 6.147736e-05, 4.7373440000000006e-05, 3.2260930000000004e-05, 2.5835460000000004e-05, 2.093819e-05, 1.6974900000000002e-05, 1.3743870000000002e-05, 1.08691e-05, 5.7155169999999996e-06, 3.880997e-06, 2.8929629999999997e-06, 1.368073e-06]"
22481,224819,n,"[7.32025e-22, 3.2509899999999995e-21, 5.202759999999999e-21, 8.30301e-21, 1e-20, 1e-20, 1e-20, 1e-20, 1e-20, 1e-20, 0.0007292809, 0.007345789, 0.02123036, 0.0447032, 0.050801540000000006, 0.04900674000000001, 0.048063909999999994, 0.04757258, 0.04681101, 0.04590996, 0.044920730000000006, 0.04323652, 0.04223422, 0.04099491, 0.03930895, 0.037691140000000005, 0.03624936, 0.03464343, 0.03380393, 0.03331057, 0.03289936, 0.03267154, 0.03217304, 0.03170854, 0.031763400000000004, 0.031800709999999996, 0.03183993, 0.03188121, 0.031924549999999996, 0.03197014, 0.03201594, 0.032056680000000004, 0.03209886, 0.03213992, 0.032180810000000004, 0.032236980000000005, 0.0326133, 0.03314532, 0.033666760000000004, 0.03417786, 0.03499752, 0.03587366, 0.036337890000000005, 0.03655462, 0.0366413, 0.03674915, 0.03761975, 0.039210880000000004, 0.04049462, 0.04139463, 0.04256296, 0.044121379999999995, 0.0455471, 0.04692562, 0.048376520000000006, 0.04987462, 0.051487920000000006, 0.05318101000000001, 0.05494243, 0.05675347000000001, 0.058636400000000005, 0.060599309999999997, 0.06256840000000001, 0.06462056, 0.06679506, 0.06882732, 0.07128932, 0.07383506, 0.0755567, 0.07650666, 0.07729643, 0.07805771, 0.07788247000000001, 0.07738081000000001, 0.07659779, 0.07488411, 0.07296992000000001, 0.07035168, 0.06737561, 0.06397577, 0.060262380000000004, 0.0570074, 0.054981270000000006, 0.05394844, 0.05325101, 0.05153427, 0.048089810000000004, 0.04394994, 0.03988348, 0.03599054, 0.03227917, 0.028773390000000003, 0.02407307, 0.01862546, 0.01374558, 0.01043052, 0.008938388, 0.0076225189999999995, 0.006469175, 0.00545918, 0.004575071, 0.0038070260000000002, 0.003235392, 0.002923909, 0.0025574219999999997, 0.002058231, 0.001631589, 0.00127488, 0.0009814059000000002, 0.0007380505, 0.0005443932000000001, 0.0003942149, 0.0002781999, 0.0001949649, 0.000134916, 9.212637000000002e-05, 6.818428e-05, 5.274438e-05, 3.609562e-05, 2.8976160000000003e-05, 2.353159e-05, 1.9110740000000003e-05, 1.549869e-05, 1.2277080000000002e-05, 6.480436e-06, 4.410226999999999e-06, 3.29364e-06, 1.5636699999999998e-06]"
22481,2248110,n,"[7.32025e-22, 3.2509899999999995e-21, 5.202759999999999e-21, 8.30301e-21, 1e-20, 1e-20, 1e-20, 1e-20, 1e-20, 1e-20, 1.307119e-07, 1.316615e-06, 3.8052019999999996e-06, 8.07653e-06, 1.0475550000000002e-05, 1.1468460000000001e-05, 1.2008100000000001e-05, 1.2289310000000002e-05, 1.272519e-05, 1.324091e-05, 1.3807090000000001e-05, 1.5056300000000002e-05, 1.7141600000000002e-05, 2.046531e-05, 2.498688e-05, 2.9325790000000002e-05, 3.319248e-05, 3.948951e-05, 4.804342e-05, 5.527043e-05, 6.186642000000001e-05, 6.666799e-05, 7.717869e-05, 9.655089000000001e-05, 0.00011724479999999999, 0.0001312028, 0.00014587740000000001, 0.0001613171, 0.0001775337, 0.0001945864, 0.0002135519, 0.00023714, 0.0002622745, 0.00029112130000000003, 0.0003231678, 0.0003571726, 0.00040089370000000006, 0.00045028860000000006, 0.0005111436, 0.0005838932, 0.0007005620000000001, 0.0008252689000000001, 0.000891347, 0.000922196, 0.0009345329, 0.0009503315000000001, 0.0010987070000000002, 0.0014289460000000002, 0.001704267, 0.0019012640000000002, 0.0022443330000000003, 0.00279364, 0.0033160560000000004, 0.0037564639999999997, 0.004220013, 0.004745677, 0.005352890999999999, 0.006045203, 0.006801590000000001, 0.007641155, 0.008546877999999999, 0.00950871, 0.010576080000000002, 0.01170748, 0.01301361, 0.014288209999999999, 0.016095790000000002, 0.01808906, 0.01947649, 0.02062316, 0.02175306, 0.022908710000000002, 0.02366735, 0.0243172, 0.02486127, 0.024949690000000004, 0.0249787, 0.02463017, 0.024122599999999998, 0.023367239999999997, 0.02245383, 0.02157537, 0.02100638, 0.020716329999999998, 0.02052048, 0.02002117, 0.0189882, 0.01772581, 0.016456679999999998, 0.01521917, 0.01402056, 0.012869090000000001, 0.011279170000000002, 0.009343346, 0.0073943310000000005, 0.005926693, 0.005251609, 0.004624716, 0.004045891, 0.003513836, 0.0030261740000000004, 0.002582888, 0.002240873, 0.002049232, 0.0018182440000000001, 0.001495059, 0.0012097899999999999, 0.0009640438, 0.0007561993, 0.0005800964, 0.0004367997, 0.0003232383, 0.0002335163, 0.0001675954, 0.000118824, 8.310065e-05, 6.260658e-05, 4.9090760000000005e-05, 3.42056e-05, 2.7711440000000003e-05, 2.2684570000000004e-05, 1.855127e-05, 1.5144540000000002e-05, 1.2076220000000001e-05, 6.469136e-06, 4.438316999999999e-06, 3.336396e-06, 1.603501e-06]"
22481,2248111,n,"[7.32025e-22, 3.2509899999999995e-21, 5.202759999999999e-21, 8.30301e-21, 1e-20, 1e-20, 1e-20, 1e-20, 1e-20, 1e-20, 0.002028657, 0.02043395, 0.05905698, 0.1243795, 0.1418431, 0.1372245, 0.13479850000000002, 0.1335343, 0.13157470000000002, 0.1292563, 0.12671090000000002, 0.1223665, 0.1197301, 0.11644209999999999, 0.11196900000000001, 0.10767670000000001, 0.10385150000000001, 0.09926843, 0.09610805, 0.09413427, 0.09249425, 0.09159584000000001, 0.08963005, 0.08681681, 0.08527678, 0.0844361, 0.08355227, 0.08262235999999999, 0.08164565, 0.08061859, 0.07959723, 0.07872845, 0.0778332, 0.07697785, 0.07613861, 0.0752695, 0.07466125, 0.07415306, 0.07367632, 0.0732315, 0.07251816, 0.07175566, 0.07135164, 0.07116302000000001, 0.0710876, 0.07098757, 0.07006396, 0.06847431000000001, 0.06720757, 0.06633077, 0.06540195, 0.06426274, 0.06346991, 0.06302103, 0.06254984999999999, 0.06208081, 0.06157845, 0.06106624, 0.060547290000000004, 0.06007689, 0.05962134, 0.0591486, 0.05868703, 0.058207339999999996, 0.057655130000000006, 0.057116730000000004, 0.05620919, 0.055150420000000006, 0.05438001, 0.05342919, 0.05239508, 0.051298079999999996, 0.05000667, 0.048602900000000004, 0.04710227, 0.045436500000000005, 0.04367628, 0.04180668, 0.03983549, 0.03780858, 0.03570708, 0.03395123, 0.032882850000000005, 0.03233823, 0.03197048, 0.03107824, 0.02931158, 0.02718988, 0.02510357, 0.02308218, 0.021122429999999998, 0.01923223, 0.01660396, 0.013397870000000001, 0.01027436, 0.008009715, 0.006966954, 0.00601895, 0.00516455, 0.004397819, 0.0037129430000000002, 0.003107716, 0.00265256, 0.0024027840000000003, 0.0021077469999999997, 0.001704604, 0.001359064, 0.001069295, 0.0008298819000000001, 0.0006300829000000001, 0.00046954130000000007, 0.0003434262, 0.000244467, 0.0001722863, 0.00011942420000000001, 8.133392000000001e-05, 5.991275e-05, 4.609904e-05, 3.126268e-05, 2.4964320000000002e-05, 2.0175540000000003e-05, 1.631637e-05, 1.318166e-05, 1.040508e-05, 5.465141e-06, 3.7163489999999998e-06, 2.7757619999999995e-06, 1.322365e-06]"
22481,2248112,n,"[7.32025e-22, 3.2509899999999995e-21, 5.202759999999999e-21, 8.30301e-21, 1e-20, 1e-20, 1e-20, 1e-20, 1e-20, 1e-20, 0.013999010000000001, 0.14100710000000002, 0.4075303, 0.8571318, 0.9558902, 0.9062, 0.8800090000000002, 0.8663601999999999, 0.8452044000000001, 0.820174, 0.7926942000000001, 0.7451379, 0.7132131, 0.6717267, 0.6152886, 0.5611312, 0.5128671, 0.45494960000000007, 0.4152848, 0.3917739, 0.37259980000000004, 0.3628179, 0.3414161, 0.3096272, 0.29175080000000003, 0.28247890000000003, 0.2727309, 0.2624748, 0.2517026, 0.2403749, 0.229352, 0.22087310000000004, 0.21223340000000002, 0.20430820000000002, 0.19678720000000002, 0.18894200000000003, 0.1820775, 0.17545500000000003, 0.16956420000000003, 0.1644217, 0.15617460000000002, 0.1473594, 0.1426885, 0.14050780000000002, 0.1396358, 0.13867000000000002, 0.13366370000000002, 0.12551980000000001, 0.11908550000000001, 0.1145005, 0.1075111, 0.09871205, 0.09317347, 0.09062957, 0.08796335, 0.08539877000000001, 0.08335820000000001, 0.08152495, 0.07969339, 0.0784421, 0.07747647, 0.07655174, 0.07610039, 0.07571462000000001, 0.0755913, 0.07561883, 0.07591433, 0.07634347, 0.07662674, 0.07671595, 0.07675901, 0.07676467, 0.07621089, 0.07544616000000001, 0.07445373, 0.07275334, 0.07087850000000001, 0.0683936, 0.06559074, 0.06238094, 0.058869439999999995, 0.05576408, 0.0538233, 0.05283397, 0.052165920000000005, 0.05050824, 0.04715833, 0.04310576, 0.03908636, 0.03520117, 0.03146898, 0.02792002, 0.023130750000000002, 0.01756781, 0.012662640000000001, 0.009400693, 0.007936825, 0.0066654010000000005, 0.005570671, 0.00462978, 0.003822926, 0.0031370710000000004, 0.002636711, 0.002367864, 0.0020561159999999998, 0.0016377120000000002, 0.00128634, 0.0009968196000000001, 0.0007615549, 0.0005680721, 0.0004153644, 0.00029787360000000003, 0.0002079027, 0.0001440155, 9.847045e-05, 6.645785000000001e-05, 4.8770990000000004e-05, 3.7492270000000005e-05, 2.5454770000000004e-05, 2.035485e-05, 1.647583e-05, 1.334277e-05, 1.079189e-05, 8.525509e-06, 4.471476e-06, 3.031394e-06, 2.25656e-06, 1.064095e-06]"
22481,2248113,n,"[7.32025e-22, 3.2509899999999995e-21, 5.202759999999999e-21, 8.30301e-21, 1e-20, 1e-20, 1e-20, 1e-20, 1e-20, 1e-20, 1.1068690000000002e-08, 1.114911e-07, 3.222248e-07, 6.868381e-07, 9.554176999999998e-07, 1.118131e-06, 1.206698e-06, 1.2528529999999999e-06, 1.324392e-06, 1.4090349999999999e-06, 1.50196e-06, 1.7193469999999998e-06, 2.127095e-06, 2.785876e-06, 3.682083e-06, 4.542084e-06, 5.308488999999999e-06, 6.64484e-06, 8.659729e-06, 1.048695e-05, 1.221472e-05, 1.3583050000000002e-05, 1.6578620000000002e-05, 2.220577e-05, 2.883472e-05, 3.3506260000000005e-05, 3.8417610000000004e-05, 4.358503e-05, 4.9012470000000003e-05, 5.4719720000000005e-05, 6.128739000000001e-05, 7.018708e-05, 7.972772e-05, 9.123951000000001e-05, 0.00010439050000000002, 0.0001183657, 0.00013682280000000001, 0.0001578469, 0.0001857163, 0.0002206808, 0.0002767536, 0.00033668960000000003, 0.0003684477, 0.0003832741, 0.00038920340000000005, 0.00039694750000000004, 0.00047499190000000006, 0.0006578591, 0.0008114403, 0.0009218998, 0.0011276600000000002, 0.001472079, 0.001813862, 0.002108765, 0.0024192429999999997, 0.002780538, 0.003211274, 0.0037163, 0.004275301, 0.004921732000000001, 0.005631863, 0.006393248, 0.007279616, 0.008226234, 0.009364918, 0.01049729, 0.012213020000000002, 0.014149229999999999, 0.015508919999999999, 0.01674509, 0.017997970000000002, 0.01928799, 0.02025975, 0.02115723, 0.021964769999999998, 0.02234144, 0.02267251, 0.022608899999999998, 0.02238794, 0.02188578, 0.02121083, 0.02049892, 0.020021499999999998, 0.01977813, 0.01961379, 0.01918062, 0.018259650000000002, 0.01711597, 0.01594119, 0.014777499999999999, 0.013638410000000002, 0.012534980000000001, 0.01099942, 0.009118898, 0.007219092, 0.005786488, 0.005127601000000001, 0.0045152000000000005, 0.003950286, 0.003431138, 0.002955751, 0.002523921, 0.0021910140000000002, 0.002004627, 0.001779812, 0.0014653830000000002, 0.00118756, 0.0009478137000000001, 0.0007445632, 0.0005719366, 0.00043110830000000003, 0.000319243, 0.0002307014, 0.0001655793, 0.0001173849, 8.209533000000002e-05, 6.185998e-05, 4.8519910000000003e-05, 3.383091e-05, 2.742145e-05, 2.245892e-05, 1.837656e-05, 1.5010250000000003e-05, 1.1976420000000002e-05, 6.424508e-06, 4.4107299999999995e-06, 3.317371e-06, 1.595381e-06]"
22481,2248114,n,"[7.32025e-22, 3.2509899999999995e-21, 5.202759999999999e-21, 8.30301e-21, 1e-20, 1e-20, 1e-20, 1e-20, 1e-20, 1e-20, 0.008354131, 0.08414821, 0.24320010000000003, 0.512043, 0.5802008, 0.5563033000000001, 0.5436421, 0.5370440000000001, 0.5268169, 0.5147168, 0.5014326, 0.4783467, 0.46240300000000006, 0.44146450000000004, 0.4129798, 0.38564620000000005, 0.3612869, 0.330938, 0.3076352, 0.2933032, 0.2815546, 0.27543829999999997, 0.2620561, 0.24150749999999999, 0.22909290000000004, 0.22258110000000003, 0.21573509999999999, 0.2085321, 0.2009667, 0.19301120000000002, 0.1852433, 0.1791682, 0.1729658, 0.1672391, 0.1617743, 0.1560602, 0.1507267, 0.1454087, 0.1406693, 0.13652150000000002, 0.1298696, 0.12275950000000001, 0.11899200000000001, 0.1172332, 0.1165298, 0.11574240000000001, 0.1114609, 0.1044967, 0.09899645, 0.09506413000000001, 0.0888685, 0.08106352, 0.07614169999999999, 0.07381992000000001, 0.07138606, 0.06905077000000001, 0.06715441, 0.06543681, 0.06372385, 0.06252428, 0.06157519, 0.06066713, 0.060229160000000004, 0.059857600000000004, 0.05979724, 0.05990783, 0.06052438, 0.06138943, 0.06200726000000001, 0.06266558, 0.06335995, 0.06405954, 0.06436467, 0.06454577, 0.06454375, 0.063872, 0.06307017000000001, 0.06158898, 0.05979265, 0.0574782, 0.054814379999999996, 0.0523109, 0.05070454, 0.04988568, 0.04933275, 0.04791908, 0.044987519999999996, 0.0413809, 0.037719130000000003, 0.034112170000000004, 0.030600070000000004, 0.02722236, 0.02261006, 0.01720008, 0.01239757, 0.009196035, 0.007758849, 0.006509944, 0.00543582, 0.0045138949999999995, 0.003724668, 0.0030553180000000004, 0.002567856, 0.002306592, 0.002003539, 0.00159754, 0.001256667, 0.0009755966000000001, 0.0007467563000000001, 0.0005580941, 0.00040872339999999997, 0.0002934381, 0.00020491860000000002, 0.00014194940000000002, 9.702665000000001e-05, 6.545981000000001e-05, 4.803266e-05, 3.692907e-05, 2.508664e-05, 2.007084e-05, 1.6255670000000002e-05, 1.3173140000000002e-05, 1.066223e-05, 8.42979e-06, 4.4296899999999994e-06, 3.005977e-06, 2.239286e-06, 1.056867e-06]"
22481,2248115,n,"[0.0008161580000000001, 0.003529757, 0.005930064, 0.007515114, 0.01098438, 0.0149711, 0.01604696, 0.01666348, 0.01731164, 0.01799361, 0.01870988, 0.019463090000000002, 0.02024606, 0.02103818, 0.021868310000000002, 0.02272497, 0.023614700000000002, 0.02453299, 0.025098750000000003, 0.025521810000000002, 0.02593687, 0.02634417, 0.02699736, 0.02769555, 0.0280655, 0.028238219999999998, 0.02830729, 0.028379880000000003, 0.02867039, 0.02917734, 0.029584549999999998, 0.029850340000000003, 0.029854219999999997, 0.029772, 0.029552969999999998, 0.029124, 0.02867181, 0.02822891, 0.02783083, 0.02745184, 0.02707226, 0.02685174, 0.02671255, 0.02657976, 0.02651811, 0.026466379999999998, 0.02644337, 0.026437719999999998, 0.026423790000000003, 0.026406060000000002, 0.02638402, 0.026274739999999998, 0.026138889999999998, 0.02598632, 0.02568841, 0.02533022, 0.024913470000000004, 0.02433501, 0.02370866, 0.02294813, 0.02211087, 0.02118279, 0.020182500000000003, 0.019305540000000003, 0.01875961, 0.018481320000000002, 0.018293410000000003, 0.01782535, 0.01687632, 0.01571832, 0.01455371, 0.01340399, 0.01227382, 0.011170979999999999, 0.009618885, 0.007709028000000001, 0.005852914000000001, 0.004518136, 0.003902386, 0.003346238, 0.002848933, 0.002406698, 0.0020155240000000003, 0.0016737899999999999, 0.001419284, 0.001280845, 0.001118489, 0.0008986093000000001, 0.0007120713000000001, 0.0005571238, 0.0004301266, 0.0003247546, 0.0002405685, 0.000174802, 0.0001235159, 8.637673e-05, 5.939916000000001e-05, 4.0140110000000006e-05, 2.9400710000000002e-05, 2.252773e-05, 1.5197740000000001e-05, 1.210597e-05, 9.764121e-06, 7.883816999999999e-06, 6.360158e-06, 5.014018e-06, 2.627273e-06, 1.7844899999999997e-06, 1.3316309999999999e-06, 6.332119999999999e-07]"
22481,2248116,n,"[0.001301923, 0.0046705800000000006, 0.0120508, 0.020274169999999998, 0.02207945, 0.023107410000000002, 0.02418815, 0.02532524, 0.02651953, 0.02777541, 0.02909024, 0.030453579999999997, 0.031885409999999996, 0.03338049, 0.034945830000000004, 0.03655975, 0.03751422, 0.03819868, 0.03887203, 0.03953468, 0.040597390000000004, 0.04173331, 0.0423352, 0.0426162, 0.04272857, 0.04283142, 0.042849149999999996, 0.042847970000000006, 0.04284705, 0.04284922, 0.04290045, 0.04297958, 0.04300101, 0.042948230000000004, 0.042892400000000004, 0.04283302, 0.04270087, 0.042542, 0.042380959999999995, 0.042249100000000005, 0.0421299, 0.0420121, 0.04193159, 0.04185429, 0.04179083, 0.04174067, 0.041640819999999995, 0.04151915, 0.041419540000000005, 0.04119703, 0.0409344, 0.04064508, 0.040154220000000004, 0.03957703, 0.03891435, 0.03802246, 0.03705921, 0.035900470000000004, 0.03462821, 0.03322004, 0.03170324, 0.03037223, 0.02954332, 0.02912077, 0.02883545, 0.028123900000000004, 0.02667962, 0.02491545, 0.023138429999999998, 0.02138135, 0.019651730000000003, 0.01796147, 0.01557664, 0.012628680000000002, 0.009718842, 0.007594057, 0.006613685, 0.005720352000000001, 0.004913551, 0.00418863, 0.003540283, 0.002967066, 0.002535563, 0.002298831, 0.0020189210000000003, 0.001636242, 0.001307652, 0.001031483, 0.0008025418000000001, 0.0006108638000000001, 0.0004562646, 0.0003343709, 0.0002384127, 0.0001682418, 0.00011675750000000002, 7.961100000000001e-05, 5.8701390000000006e-05, 4.520674e-05, 3.070002e-05, 2.4535070000000003e-05, 1.984419e-05, 1.6060190000000002e-05, 1.298416e-05, 1.0256940000000001e-05, 5.396188999999999e-06, 3.672443e-06, 2.744653e-06, 1.308645e-06]"
22481,2248117,n,"[0.00022085720000000004, 0.0034203579999999996, 0.006681749, 0.01011056, 0.01371815, 0.01750726, 0.021491729999999997, 0.0256803, 0.030083449999999998, 0.03471326, 0.03957986, 0.044698070000000006, 0.04988636, 0.05077955000000001, 0.049758050000000005, 0.048822830000000005, 0.04797556, 0.0466168, 0.04516442, 0.044394859999999994, 0.044035580000000005, 0.043891910000000006, 0.043726310000000004, 0.04270643, 0.040999549999999996, 0.03964445, 0.03866199, 0.03687791, 0.03454034, 0.03305834, 0.03239613, 0.03170219, 0.03102972, 0.030494490000000003, 0.030012530000000003, 0.029533580000000004, 0.02937763, 0.02939409, 0.029447320000000003, 0.02971038, 0.03002238, 0.03051233, 0.03105018, 0.03201361, 0.03315682, 0.03396596, 0.03476057, 0.03558249, 0.036425980000000004, 0.03702086, 0.03755188, 0.03798056, 0.03798075, 0.037915199999999996, 0.0373914, 0.03666944, 0.03557454, 0.03423909, 0.03290046, 0.03201931, 0.03157013, 0.03126683, 0.03046793, 0.02877033, 0.026646100000000002, 0.024439000000000002, 0.02222107, 0.02002839, 0.017891030000000002, 0.01492594, 0.01139575, 0.008219928, 0.006090732, 0.005130586, 0.004296199, 0.003578585, 0.002963639, 0.002438229, 0.0019940500000000002, 0.001671493, 0.0014990749999999999, 0.001299798, 0.001033518, 0.0008109349999999999, 0.0006281780000000001, 0.00047988400000000003, 0.0003579325, 0.00026158990000000004, 0.0001873629, 0.0001304643, 9.006715e-05, 6.131962e-05, 4.119072000000001e-05, 3.012181e-05, 2.3098690000000002e-05, 1.564071e-05, 1.249547e-05, 1.010932e-05, 8.186239999999999e-06, 6.622228e-06, 5.23386e-06, 2.7503489999999996e-06, 1.866872e-06, 1.391095e-06, 6.56723e-07]"
22481,2248118,n,"[0.0003466, 0.001928557, 0.003696304, 0.005554465000000001, 0.007508694000000001, 0.009513918, 0.01046316, 0.01096305, 0.01148476, 0.01202956, 0.01290327, 0.013837180000000001, 0.014332020000000001, 0.014563040000000001, 0.01465543, 0.0147484, 0.01501474, 0.01547655, 0.01584838, 0.01611845, 0.016632690000000002, 0.01736545, 0.01796748, 0.01844296, 0.01894299, 0.01945648, 0.01999082, 0.020542690000000002, 0.02111475, 0.02168608, 0.02227114, 0.02288449, 0.023519739999999997, 0.024185599999999998, 0.02491834, 0.02561682, 0.02653515, 0.027518729999999998, 0.02819518, 0.0286774, 0.02912879, 0.02958289, 0.0297709, 0.029874619999999998, 0.029899179999999997, 0.02963102, 0.02931001, 0.02873974, 0.02805335, 0.02719, 0.026205720000000002, 0.02528844, 0.02470193, 0.02440294, 0.02420106, 0.02368397, 0.022610070000000003, 0.0212794, 0.01991261, 0.01853997, 0.0171729, 0.01582295, 0.013892500000000002, 0.01146662, 0.008991321, 0.007134323000000001, 0.006274526, 0.005480337, 0.004752701, 0.004089819999999999, 0.0034888659999999998, 0.002950138, 0.00254, 0.002312972, 0.002042405, 0.001669058, 0.001344928, 0.0010695049999999999, 0.0008387352, 0.0006438123, 0.0004850739, 0.0003586843, 0.0002581522, 0.0001838393, 0.0001287154, 8.849335e-05, 6.563509e-05, 5.076216e-05, 3.465641e-05, 2.776683e-05, 2.2504480000000003e-05, 1.824368e-05, 1.477161e-05, 1.1685220000000001e-05, 6.164507999999999e-06, 4.201354e-06, 3.143586e-06, 1.502609e-06]"
22481,2248119,n,"[3.441656e-05, 0.00440171, 0.01204367, 0.01987295, 0.023281350000000003, 0.02479199, 0.026425869999999997, 0.0281888, 0.03101601, 0.03403801, 0.03563927, 0.03638682, 0.03668578, 0.03698131, 0.03768462, 0.038888950000000005, 0.03985887, 0.040512990000000006, 0.04091087, 0.04131527, 0.04137653, 0.04098503, 0.040571380000000004, 0.04015772, 0.03965836, 0.039132, 0.038602340000000006, 0.03820177, 0.03786174, 0.03751896, 0.03724314, 0.03696772, 0.03671356, 0.03649482, 0.03622758, 0.0359502, 0.03574918, 0.03550846, 0.03524818, 0.0349664, 0.03455517, 0.03408506, 0.03354803, 0.03283387, 0.03206239, 0.03112221, 0.030085670000000002, 0.028921350000000002, 0.02765787, 0.026535069999999997, 0.025831800000000002, 0.0254733, 0.02523123, 0.02462261, 0.02337844, 0.02184998, 0.020297890000000002, 0.018751880000000002, 0.017221530000000002, 0.01571896, 0.01358892, 0.01094944, 0.008359434, 0.006484381, 0.005619356, 0.004836045000000001, 0.004133385, 0.0035064980000000003, 0.0029500130000000005, 0.00246167, 0.002096502, 0.001897057, 0.001662312, 0.001342665, 0.001069634, 0.0008410781, 0.0006522715, 0.0004946094, 0.0003678213, 0.0002681955, 0.0001901085, 0.00013331900000000002, 9.192130000000001e-05, 6.227464000000001e-05, 4.570155e-05, 3.5072170000000004e-05, 2.371232e-05, 1.8910810000000003e-05, 1.5269090000000002e-05, 1.2340710000000001e-05, 9.965124e-06, 7.863578e-06, 4.129253e-06, 2.8078249999999997e-06, 2.097128e-06, 9.986739e-07]"
22481,2248120,n,"[5.896518000000001e-09, 7.273593000000001e-05, 0.00022058830000000002, 0.00045769970000000007, 0.0007111472, 0.0008454407000000001, 0.0009081365999999999, 0.0009332093, 0.0009614520000000001, 0.001140269, 0.001548401, 0.001890407, 0.002131313, 0.0024793330000000002, 0.0030107370000000003, 0.0034392529999999998, 0.003689161, 0.00395161, 0.004231474000000001, 0.004498055, 0.004767583000000001, 0.005052747, 0.005375255000000001, 0.005726122, 0.006095346000000001, 0.0064858089999999995, 0.006896612000000001, 0.007361162, 0.0078100750000000005, 0.008458417000000001, 0.009178082, 0.009683197, 0.010140020000000001, 0.01060233, 0.011078900000000001, 0.01144586, 0.01178837, 0.012096039999999999, 0.01223744, 0.01235962, 0.01230561, 0.012179990000000002, 0.01190842, 0.0115459, 0.011151930000000001, 0.01088498, 0.010748899999999999, 0.01065701, 0.01040786, 0.009866421, 0.009179274, 0.00845212, 0.007710938, 0.00697078, 0.006243125, 0.005223946, 0.003999393, 0.002887806, 0.0021390240000000002, 0.001800163, 0.00150541, 0.001251653, 0.00103421, 0.0008486415, 0.0006920584, 0.0005786726, 0.0005181806, 0.0004484856, 0.00035565710000000003, 0.0002784291, 0.0002152923, 0.0001642678, 0.0001224056, 8.940127000000001e-05, 6.400451000000001e-05, 4.4548350000000005e-05, 3.073719e-05, 2.090951e-05, 1.4029830000000003e-05, 1.0248800000000001e-05, 7.851848e-06, 5.309357e-06, 4.238573999999999e-06, 3.426977e-06, 2.773588e-06, 2.242609e-06, 1.771675e-06, 9.303556999999999e-07, 6.313528999999999e-07, 4.703833e-07, 2.2203979999999998e-07]"
22481,2248121,n,"[0.001273378, 0.01038625, 0.01876645, 0.02436877, 0.02692636, 0.02916791, 0.030621040000000002, 0.031045500000000004, 0.031488459999999996, 0.03192595, 0.03214617, 0.03228372, 0.03242314, 0.03251205, 0.03257561, 0.032640600000000006, 0.03269844, 0.03275778, 0.03283807, 0.03292184, 0.03306191, 0.03322494, 0.03333525, 0.03339664, 0.03344792, 0.0334918, 0.03339607, 0.03324921, 0.033039070000000004, 0.03262393, 0.03215957, 0.03148395, 0.030703209999999998, 0.02974987, 0.02867527, 0.02767326, 0.02703241, 0.02670573, 0.02648514, 0.02591682, 0.024730699999999998, 0.02325284, 0.021723020000000003, 0.02017484, 0.018624730000000003, 0.017087790000000002, 0.0148841, 0.01212112, 0.009356686, 0.00732461, 0.0063850930000000005, 0.005527155, 0.004751184, 0.004052981, 0.003428065, 0.00287507, 0.0024588070000000004, 0.002230266, 0.001960081, 0.001590526, 0.001273054, 0.001005875, 0.0007839888000000001, 0.0005978072000000001, 0.0004472704, 0.0003282754, 0.00023437139999999998, 0.0001655614, 0.0001149969, 7.84723e-05, 5.789764e-05, 4.461184000000001e-05, 3.0321940000000005e-05, 2.42454e-05, 1.9619710000000002e-05, 1.5886180000000002e-05, 1.2849740000000001e-05, 1.0156030000000001e-05, 5.349362e-06, 3.642738e-06, 2.7236869999999997e-06, 1.299461e-06]"
22481,2248122,n,"[0.009420603, 0.032728890000000004, 0.04625307, 0.04625644, 0.046210190000000005, 0.04613264, 0.04543498, 0.04452305, 0.04360592, 0.042785039999999996, 0.04199638, 0.041210430000000006, 0.04063257, 0.04006912, 0.03967819, 0.03941632, 0.03954277, 0.03988274, 0.04016507, 0.0408278, 0.041613670000000005, 0.04244379, 0.043371259999999995, 0.044364980000000005, 0.0453229, 0.04602909, 0.04671336, 0.046891619999999995, 0.04687105, 0.0462918, 0.04536912, 0.04417523, 0.04332231, 0.04288752, 0.04259393, 0.041745960000000006, 0.03981781, 0.03729732, 0.03453006, 0.03162906, 0.028679239999999998, 0.02573931, 0.02157194, 0.01653077, 0.01194568, 0.008860395, 0.007469016, 0.006258794, 0.005218665, 0.004326624, 0.003564885, 0.002920773, 0.0024532850000000004, 0.002203299, 0.0019142710000000002, 0.001527861, 0.001204269, 0.0009375218, 0.0007199445, 0.0005399123, 0.0003966695, 0.00028549760000000005, 0.00019968360000000002, 0.00013839220000000003, 9.456893000000002e-05, 6.376311000000001e-05, 4.677086000000001e-05, 3.5959160000000004e-05, 2.444356e-05, 1.9570610000000003e-05, 1.5865060000000002e-05, 1.28703e-05, 1.0429440000000002e-05, 8.257101e-06, 4.3540970000000005e-06, 2.960132e-06, 2.2082719999999998e-06, 1.0440700000000001e-06]"
22481,2248123,n,"[6.161528e-05, 0.00034107120000000004, 0.0005974193, 0.0008076175, 0.001029126, 0.001323486, 0.001653591, 0.002039882, 0.0024794, 0.002961732, 0.0034793560000000003, 0.004028784, 0.00463699, 0.00528144, 0.006024389000000001, 0.006748968, 0.007796534000000001, 0.008959772, 0.009775978000000001, 0.01051186, 0.011255949999999999, 0.01202524, 0.01265014, 0.01324787, 0.01381364, 0.01419109, 0.01455716, 0.014737430000000001, 0.014849730000000002, 0.01480974, 0.01467973, 0.014469669999999999, 0.01431152, 0.0142309, 0.014176470000000002, 0.014013150000000002, 0.01363238, 0.01312511, 0.012554280000000001, 0.01193735, 0.01128899, 0.01061828, 0.00960285, 0.008244431, 0.0067124889999999994, 0.005481172, 0.004906108, 0.004358204, 0.003841224, 0.0033572050000000003, 0.002907077, 0.002493435, 0.0021722440000000003, 0.0019917940000000003, 0.001773701, 0.0014684090000000002, 0.0011984019999999999, 0.0009648160000000001, 0.0007656797, 0.0005950097000000001, 0.00045385479999999996, 0.00033973390000000003, 0.0002475526, 0.0001783702, 0.0001262981, 8.775471000000001e-05, 6.558712e-05, 5.10176e-05, 3.509566e-05, 2.8226840000000005e-05, 2.295365e-05, 1.866165e-05, 1.515145e-05, 1.2018450000000002e-05, 6.378184e-06, 4.360974999999999e-06, 3.2714509999999996e-06, 1.571301e-06]"
22481,2248124,n,"[0.01780856, 0.03863814, 0.04009191, 0.041550880000000005, 0.04298419, 0.04293333, 0.04231751, 0.041693730000000005, 0.04104629, 0.04036992, 0.03969003, 0.03915458, 0.03862402, 0.038234119999999996, 0.03795628, 0.03802495, 0.038287049999999996, 0.03851471, 0.03912779, 0.03986334, 0.04064353, 0.04156041, 0.04255659, 0.04353220000000001, 0.0443095, 0.04507514, 0.04537418, 0.045493370000000005, 0.04506842, 0.04431092, 0.04324999, 0.042476469999999995, 0.04208216, 0.0418159, 0.04102945, 0.039214280000000004, 0.03681816, 0.03415626, 0.03133978, 0.028458100000000004, 0.02557173, 0.0214589, 0.01646226, 0.011902140000000002, 0.008828928, 0.007442433, 0.006236063, 0.005198957000000001, 0.004309627, 0.0035503740000000002, 0.002908485, 0.002442746, 0.002193778, 0.0019059360000000002, 0.0015212889999999999, 0.001199272, 0.000933818, 0.0007173054, 0.0005381181, 0.00039548430000000003, 0.00028472400000000003, 0.00019918070000000002, 0.00013805529999999999, 9.433778000000002e-05, 6.360353e-05, 4.665188e-05, 3.586732e-05, 2.4382130000000004e-05, 1.9522600000000002e-05, 1.582739e-05, 1.284092e-05, 1.0406740000000003e-05, 8.240225999999999e-06, 4.346677999999999e-06, 2.955634e-06, 2.205235e-06, 1.04283e-06]"
22481,2248125,n,"[0.003447933, 0.008393910999999999, 0.009814895, 0.01129887, 0.013002640000000001, 0.0144424, 0.01580806, 0.01727037, 0.01864427, 0.02000391, 0.021414640000000002, 0.02279103, 0.024219710000000002, 0.02577552, 0.02725098, 0.029368880000000003, 0.03171462, 0.03337261, 0.034979960000000004, 0.036637140000000006, 0.0383598, 0.03989339, 0.041416810000000005, 0.042874, 0.04390509, 0.04490798, 0.04532122, 0.04551085, 0.045108499999999996, 0.04434794, 0.043278210000000004, 0.04249747, 0.04209947, 0.04183072, 0.041042569999999994, 0.039232010000000005, 0.036855650000000004, 0.034234930000000004, 0.03148286, 0.028683260000000002, 0.0258927, 0.021934480000000003, 0.01712953, 0.01267464, 0.009608625999999999, 0.008222058, 0.0069977450000000005, 0.005927033, 0.004991892, 0.004177521, 0.0034739330000000002, 0.0029534189999999997, 0.002670876, 0.0023394210000000004, 0.001889406, 0.001505263, 0.001183112, 0.0009164420000000001, 0.0006934859000000001, 0.0005142658, 0.0003738504, 0.0002644008, 0.0001853869, 0.0001282187, 8.749012000000001e-05, 6.474425e-05, 5.010847000000001e-05, 3.435549e-05, 2.7624490000000002e-05, 2.247645e-05, 1.829187e-05, 1.4867910000000001e-05, 1.1807460000000002e-05, 6.271715999999999e-06, 4.2821969999999995e-06, 3.206092e-06, 1.5270159999999998e-06]"
22481,2248126,n,"[0.00208912, 0.012597430000000001, 0.01417492, 0.015785089999999998, 0.017521230000000002, 0.018110070000000002, 0.01820052, 0.018293550000000002, 0.01840422, 0.01852725, 0.01866445, 0.01885405, 0.01906174, 0.019363, 0.019685440000000002, 0.02033492, 0.02112853, 0.02170713, 0.0224315, 0.02322143, 0.02405046, 0.02490129, 0.02578979, 0.02666333, 0.02737199, 0.02807791, 0.02846568, 0.02873683, 0.02864442, 0.028333650000000002, 0.027782559999999998, 0.0273601, 0.027144750000000002, 0.026999330000000002, 0.026548790000000003, 0.02547721, 0.02403544, 0.02239742, 0.02063282, 0.01880373, 0.01695123, 0.01427719, 0.01098815, 0.007951822, 0.005894001, 0.004962503, 0.004151181, 0.003453624, 0.00285597, 0.00234658, 0.001916916, 0.001605918, 0.0014400390000000002, 0.0012486600000000002, 0.0009936525, 0.0007809571, 0.0006063639, 0.00046453749999999995, 0.0003475543, 0.0002547466, 0.0001828941, 0.0001275538, 8.811448000000001e-05, 5.9985250000000006e-05, 4.0275900000000005e-05, 2.9443150000000003e-05, 2.2576980000000003e-05, 1.5293760000000003e-05, 1.2224870000000002e-05, 9.897392e-06, 8.021427e-06, 6.495139e-06, 5.139299e-06, 2.708718e-06, 1.8415769999999999e-06, 1.373968e-06, 6.496762e-07]"
22481,2248127,n,"[4.071010000000001e-05, 0.005359740000000001, 0.008788109, 0.010084010000000001, 0.01148976, 0.01223335, 0.012634010000000001, 0.013027280000000002, 0.013279860000000001, 0.01351884, 0.013743149999999999, 0.01393843, 0.014216800000000002, 0.01452435, 0.01474297, 0.01496648, 0.01519997, 0.01544217, 0.015650360000000002, 0.015854319999999998, 0.01604016, 0.01613629, 0.01622105, 0.01617983, 0.01608666, 0.01586407, 0.01555993, 0.01520681, 0.01496235, 0.01483773, 0.01475358, 0.014515130000000001, 0.01397999, 0.01327965, 0.01250778, 0.011686410000000001, 0.010834680000000001, 0.009965967, 0.008684056, 0.007041762, 0.005387362000000001, 0.0041768099999999996, 0.003615471, 0.0031059359999999997, 0.002648604, 0.0022407370000000005, 0.001879191, 0.001562838, 0.001327067, 0.001198745, 0.0010482080000000001, 0.00084424, 0.0006710072, 0.0005268046000000001, 0.0004082015, 0.0003093882, 0.0002300291, 0.0001676863, 0.0001188092, 8.325717e-05, 5.734871e-05, 3.8812160000000005e-05, 2.8462280000000002e-05, 2.1832440000000004e-05, 1.4755130000000003e-05, 1.176653e-05, 9.500877e-06, 7.679596e-06, 6.202247999999999e-06, 4.895305999999999e-06, 2.5720089999999997e-06, 1.749355e-06, 1.306784e-06, 6.223005999999999e-07]"
22481,2248128,n,"[0.0047408450000000005, 0.010077719999999998, 0.01201207, 0.01414571, 0.015179400000000001, 0.01563846, 0.01609284, 0.01640805, 0.016713210000000003, 0.01704671, 0.01736373, 0.01793145, 0.018605069999999998, 0.01909764, 0.01972737, 0.02041676, 0.02114405, 0.02194368, 0.022796439999999998, 0.02365756, 0.024440680000000003, 0.025236730000000002, 0.02579234, 0.026266820000000003, 0.02641773, 0.026377229999999998, 0.02605364, 0.0257701, 0.02562557, 0.02552797, 0.02518729, 0.024321890000000002, 0.02310978, 0.02167042, 0.02006898, 0.01837309, 0.01662624, 0.01406071, 0.01086063, 0.007873298, 0.0058385550000000005, 0.004915658, 0.00411135, 0.003419354, 0.0028267500000000003, 0.002321522, 0.001895754, 0.001587736, 0.0014235660000000002, 0.0012343500000000002, 0.000982353, 0.0007722958, 0.0006000084000000001, 0.00046000990000000003, 0.0003444723, 0.0002527124, 0.0001815732, 0.00012670310000000002, 8.755147e-05, 5.960448000000001e-05, 4.001608e-05, 2.9250230000000002e-05, 2.242817e-05, 1.5194080000000003e-05, 1.214671e-05, 9.83584e-06, 7.973332e-06, 6.457879e-06, 5.111443999999999e-06, 2.696374e-06, 1.834073e-06, 1.368894e-06, 6.476064e-07]"
22481,2248129,n,"[0.004542871, 0.01186088, 0.0150665, 0.0187017, 0.020448360000000002, 0.02120771, 0.02193732, 0.0223088, 0.02263372, 0.02286705, 0.023029700000000004, 0.02319288, 0.02334566, 0.02345302, 0.023551370000000002, 0.02365126, 0.02375358, 0.023822960000000004, 0.02388354, 0.0239201, 0.023864220000000002, 0.02378932, 0.023576299999999998, 0.02330084, 0.02287681, 0.02235518, 0.021802250000000002, 0.0214308, 0.021241439999999997, 0.02111358, 0.02076085, 0.01998434, 0.01897752, 0.01787971, 0.016718010000000002, 0.015516160000000001, 0.014291499999999999, 0.0124836, 0.010162880000000001, 0.007811168, 0.00608139, 0.005279693, 0.00455024, 0.003893785, 0.003306709, 0.002784627, 0.002326065, 0.001982986, 0.0017956240000000002, 0.001575026, 0.0012747470000000001, 0.001018057, 0.0008028827, 0.0006246432000000001, 0.000475292, 0.00035464190000000003, 0.0002593654, 0.0001843203, 0.0001295132, 8.943427e-05, 6.066862000000001e-05, 4.456655e-05, 3.423009e-05, 2.3174400000000003e-05, 1.849731e-05, 1.4947680000000003e-05, 1.2090860000000002e-05, 9.771587e-06, 7.717874e-06, 4.061344e-06, 2.7646899999999997e-06, 2.066668e-06, 9.853613e-07]"
22481,2248130,n,"[6.583553e-05, 0.003984127, 0.010276559999999999, 0.01304766, 0.01396585, 0.014846090000000001, 0.01528173, 0.01566035, 0.01603044, 0.016361030000000002, 0.016904680000000002, 0.01753433, 0.0179941, 0.01857612, 0.01921214, 0.01988465, 0.02064561, 0.021463839999999998, 0.022300089999999998, 0.02309685, 0.023912990000000002, 0.02452878, 0.025081020000000002, 0.02533454, 0.02541264, 0.025193490000000002, 0.02497511, 0.024863780000000002, 0.024788610000000003, 0.024500579999999997, 0.0237362, 0.02263798, 0.021299000000000002, 0.01978075, 0.01815315, 0.01646067, 0.01395124, 0.010797270000000001, 0.007835123000000001, 0.005812048, 0.004893379000000001, 0.004092585, 0.003403266, 0.002812992, 0.0023097300000000003, 0.0018857980000000002, 0.001579181, 0.001415808, 0.001227589, 0.0009769589, 0.0007681761, 0.0005969687, 0.0004578359, 0.00034298670000000006, 0.0002517299, 0.0001809353, 0.00012629349999999999, 8.728161000000001e-05, 5.942277e-05, 3.989245e-05, 2.9158460000000003e-05, 2.2357280000000002e-05, 1.514649e-05, 1.2109350000000001e-05, 9.806343999999998e-06, 7.950238e-06, 6.439959e-06, 5.098031e-06, 2.6904159999999997e-06, 1.830448e-06, 1.3664419999999998e-06, 6.466103999999999e-07]"
22481,224810,nc,"[9.790415e-05, 0.005924803, 0.01543863, 0.025781290000000002, 0.03683206, 0.04862951, 0.06207552, 0.07639042, 0.09340868000000001, 0.11024650000000001, 0.13721570000000002, 0.16820040000000003, 0.1904615, 0.21538000000000002, 0.24195120000000003, 0.269982, 0.3007881, 0.33363750000000003, 0.36838250000000006, 0.4056818, 0.4449648, 0.4862107, 0.5295217, 0.5737877, 0.6195214, 0.6574415, 0.680428, 0.6921454, 0.7000577, 0.7190539, 0.7562978, 0.8003746, 0.8426985, 0.8824339000000001, 0.9197109, 0.9543422, 0.9996363000000001, 1.050682, 1.101611, 1.139402, 1.151295, 1.161649, 1.170731, 1.178701, 1.185646, 1.19156, 1.195628, 1.197527, 1.199303, 1.200353, 1.19877, 1.191844, 1.163592, 1.101441, 1.011622, 0.9006044, 0.7740183, 0.6572182, 0.5561043, 0.47081730000000005, 0.4180001, 0.38135080000000005, 0.33852350000000003, 0.3185586, 0.302446, 0.2885077, 0.275819, 0.26291000000000003, 0.2346958, 0.22129490000000002, 0.21295340000000001, 0.19212130000000002]"
22481,224820,γ,"[786.7695, 377.48940000000005, 196.0322, 172.9773, 152.6345, 134.679, 118.8536, 104.89779999999999, 92.56866000000001, 81.66117, 72.01687, 63.521660000000004, 56.00946999999999, 49.368249999999996, 43.52074, 38.33216, 33.75302, 29.70041, 26.119799999999998, 22.9418, 20.12406, 17.62751, 15.40678, 13.43366, 11.674109999999999, 10.10415, 8.706938, 7.462303, 6.361201, 5.398979, 4.578783, 3.912179, 3.422313, 3.15468, 3.183695, 3.546423, 3.794373, 1.348219, 0.003414368, 0.0033233760000000003, 0.003177912, 0.003014245, 0.00287496, 0.0037672340000000004, 0.006294088000000001, 0.01132569, 0.021583389999999997, 0.03285436, 0.04834513000000001, 0.07745659, 0.1264751, 0.13563840000000002, 0.1290051, 0.1255104, 0.12368920000000001, 0.12086650000000002, 0.11752670000000001, 0.1138601, 0.10752470000000001, 0.1033172, 0.09787163, 0.09046362000000001, 0.08335486, 0.07701969, 0.06984487, 0.06567906, 0.0628205, 0.06030434, 0.058642570000000005, 0.05500571, 0.05055191, 0.048836750000000005, 0.0478101, 0.046730669999999995, 0.04559507, 0.044402210000000004, 0.043147950000000004, 0.04182941, 0.04044326, 0.038985900000000004, 0.03745379, 0.03584267, 0.03418307, 0.0332416, 0.032596940000000005, 0.03191927, 0.03120675, 0.03006414, 0.02884281, 0.02819566, 0.02789337, 0.02777275, 0.02764344, 0.027050269999999998, 0.025925280000000002, 0.025008560000000003, 0.024366460000000003, 0.02352795, 0.02235502, 0.021543899999999998, 0.021218710000000002, 0.020878160000000003, 0.02052568, 0.02026487, 0.02003364, 0.01979306, 0.01963552, 0.0195194, 0.019409430000000002, 0.01936349, 0.01932717, 0.01933473, 0.01937187, 0.01947371, 0.01960612, 0.0197023, 0.019803360000000002, 0.0199096, 0.02001096, 0.02007475, 0.020137230000000002, 0.020186790000000003, 0.020182790000000003, 0.020172279999999997, 0.020078429999999998, 0.01993208, 0.01977815, 0.01959307, 0.019416640000000002, 0.019301850000000002, 0.019236279999999998, 0.01919197, 0.01907742, 0.018815560000000002, 0.01848474, 0.0181617, 0.017825960000000002, 0.01747171, 0.01710196, 0.01660257, 0.01591216, 0.01479297, 0.013630340000000001, 0.01328343, 0.01295316, 0.01260893, 0.012246429999999999, 0.01189452, 0.01152174, 0.011177330000000001, 0.010963020000000002, 0.01067501, 0.01019597, 0.009683714999999999, 0.009145614, 0.008582041, 0.007989862, 0.007390243, 0.006805664, 0.006218263000000001, 0.005664702000000001, 0.005142316, 0.004622475, 0.004246079, 0.003933462, 0.003481437, 0.003226884, 0.002999605, 0.0027748490000000002, 0.0025586280000000003, 0.002329091, 0.001745431, 0.001462229, 0.001286856, 0.0008974032]"
22481,214810,p,"[1.11982e-11, 5.378289999999999e-12, 2.79392e-12, 2.4652500000000002e-12, 2.1755699999999998e-12, 1.92037e-12, 1.69471e-12, 1.4954799999999998e-12, 1.32037e-12, 1.16522e-12, 1.02801e-12, 9.072580000000001e-13, 8.010080000000001e-13, 7.068780000000001e-13, 6.23197e-13, 5.50979e-13, 4.85806e-13, 4.2859400000000003e-13, 3.78131e-13, 3.33854e-13, 2.94579e-13, 2.5987900000000003e-13, 2.29406e-13, 2.02289e-13, 1.79164e-13, 1.57599e-13, 1.392e-13, 1.2283900000000001e-13, 1.08311e-13, 9.56057e-14, 8.43578e-14, 7.45432e-14, 6.58489e-14, 5.79316e-14, 5.1179500000000004e-14, 4.51335e-14, 4.1561700000000005e-14, 3.9799799999999996e-14, 3.83641e-14, 3.7341600000000004e-14, 3.57073e-14, 3.38775e-14, 3.2325499999999996e-14, 4.235629999999999e-14, 7.07492e-14, 1.27291e-13, 2.42574e-13, 3.69236e-13, 5.43254e-13, 8.7027e-13, 1.43395e-12, 1.79224e-12, 1.95608e-12, 2.04481e-12, 2.09105e-12, 2.1627200000000003e-12, 2.24752e-12, 2.3406099999999997e-12, 2.53559e-12, 2.82321e-12, 3.27414e-12, 3.8875799999999995e-12, 4.4762500000000004e-12, 5.00085e-12, 6.13274e-12, 8.107329999999998e-12, 9.695209999999999e-12, 1.1092999999999999e-11, 1.2015999999999999e-11, 1.4036299999999999e-11, 3.14696e-11, 6.288739999999999e-11, 8.25187e-11, 1.0315799999999999e-10, 1.24873e-10, 1.47681e-10, 1.71665e-10, 1.9687600000000001e-10, 2.2338100000000002e-10, 2.51248e-10, 2.80543e-10, 3.11351e-10, 3.5405600000000003e-10, 6.47396e-10, 1.062595e-09, 1.4990500000000001e-09, 1.9579330000000002e-09, 2.693844e-09, 3.480457e-09, 3.8972580000000004e-09, 4.091844e-09, 4.169661e-09, 4.391355e-09, 9.014778e-09, 1.806079e-08, 2.54322e-08, 3.212446e-08, 6.799288e-08, 1.255976e-07, 2.11403e-07, 3.403493e-07, 4.762507e-07, 6.304372999999999e-07, 1.013185e-06, 1.5021389999999998e-06, 2.030964e-06, 3.149738e-06, 4.618839e-06, 6.428706e-06, 9.862394999999999e-06, 1.376879e-05, 2.121796e-05, 2.985639e-05, 5.728533e-05, 9.364568000000001e-05, 0.00012282010000000003, 0.00018325, 0.00025403110000000003, 0.00033239690000000003, 0.0004705530000000001, 0.0006340594000000001, 0.0008315688, 0.001128579, 0.0014554700000000002, 0.001914752, 0.0024421, 0.003117303, 0.003896133, 0.004675829, 0.005188817, 0.0054503170000000005, 0.005626895000000001, 0.006109434, 0.00716427, 0.008539566, 0.010047740000000001, 0.011645760000000002, 0.01332433, 0.01503892, 0.01758186, 0.02090113, 0.02342334, 0.024907750000000003, 0.026723499999999997, 0.02879287, 0.031204290000000003, 0.03404753, 0.03739208, 0.04133051, 0.045132979999999996, 0.04764649000000001, 0.05124561, 0.057242430000000004, 0.06390783, 0.0711166, 0.07879963, 0.08678883000000001, 0.09491391, 0.1027704, 0.10971910000000001, 0.1141951, 0.11439660000000001, 0.10998340000000001, 0.10431600000000002, 0.09810825, 0.08851649, 0.08301774999999999, 0.07800358, 0.07292562000000001, 0.06834154, 0.063926, 0.054594180000000006, 0.050560970000000004, 0.04818308, 0.04321747]"
22481,224820,d,"[6.413949999999999e-16, 1.96161e-14, 4.61606e-12, 3.82265e-10, 3.727927e-09, 4.926999000000001e-08, 6.467922e-07, 4.121473e-06, 1.693757e-05, 4.789541e-05, 0.0001072773, 0.0002157162, 0.00040766530000000003, 0.0007429736000000001, 0.001249804, 0.002005794, 0.003019164, 0.004010658, 0.005032558, 0.0066977270000000005, 0.0077514409999999995, 0.008767966, 0.009848674000000002, 0.01093835, 0.01217722, 0.015752250000000002, 0.01785407, 0.01929962, 0.023767299999999998]"
22481,224820,t,"[7.08668e-14, 7.66548e-12, 3.277198e-09, 1.672114e-07, 1.014761e-06, 4.6221149999999995e-06, 2.082899e-05, 4.282256000000001e-05, 7.401015e-05, 0.00012696510000000002, 0.00021453060000000004, 0.000347291, 0.0008011623, 0.001222751, 0.0015546390000000002, 0.002889066]"
22481,224820,3He,"[2.54291e-20, 1.50347e-19, 2.9102800000000004e-19, 1.04354e-15, 2.95758e-13, 1.49854e-11, 2.52278e-10, 1.125619e-09, 4.325655e-09, 1.7387049999999998e-08, 3.41771e-08, 5.707168e-08, 9.334412e-08, 1.413884e-07, 2.112312e-07, 5.199331999999999e-07, 8.094841999999999e-07, 1.185339e-06, 1.270705e-05]"
22481,224820,α,"[6.17327e-12, 2.96491e-12, 1.54021e-12, 1.35903e-12, 1.1993299999999999e-12, 1.0586500000000001e-12, 9.34256e-13, 8.244199999999999e-13, 7.2789e-13, 6.42357e-13, 5.667150000000001e-13, 5.00147e-13, 4.4157400000000004e-13, 3.89682e-13, 3.43552e-13, 3.0374e-13, 2.67812e-13, 2.3627300000000003e-13, 2.0845400000000002e-13, 1.84045e-13, 1.62394e-13, 1.43264e-13, 1.26465e-13, 1.11516e-13, 9.87686e-14, 8.68801e-14, 7.67374e-14, 6.77179e-14, 5.97092e-14, 5.2704899999999994e-14, 4.6504200000000005e-14, 4.1093599999999994e-14, 3.63007e-14, 3.19361e-14, 2.8213900000000002e-14, 2.4880900000000002e-14, 2.29118e-14, 2.1940499999999997e-14, 2.11491e-14, 2.05854e-14, 1.96844e-14, 1.86758e-14, 1.78202e-14, 2.33499e-14, 3.9001899999999997e-14, 7.01717e-14, 1.33724e-13, 2.0354800000000003e-13, 2.9947e-13, 4.797240000000001e-13, 7.85558e-13, 8.865090000000001e-13, 8.838660000000001e-13, 8.827140000000001e-13, 8.821130000000001e-13, 8.811820000000001e-13, 8.800810000000001e-13, 8.78872e-13, 8.797399999999999e-13, 8.940239999999999e-13, 9.19332e-13, 9.537610000000001e-13, 9.868e-13, 1.01624e-12, 1.06548e-12, 1.13298e-12, 1.18618e-12, 1.23301e-12, 1.26394e-12, 1.33163e-12, 1.5519e-12, 1.86359e-12, 2.05773e-12, 2.2618499999999997e-12, 2.47661e-12, 2.70217e-12, 2.93937e-12, 3.1887e-12, 3.4508299999999997e-12, 3.72642e-12, 4.01614e-12, 4.3208299999999995e-12, 4.6656500000000004e-12, 5.62122e-12, 6.8808100000000004e-12, 8.20489e-12, 9.597e-12, 1.1829499999999998e-11, 1.4215899999999999e-11, 1.54803e-11, 1.60707e-11, 1.63067e-11, 1.67199e-11, 2.27982e-11, 3.4647899999999994e-11, 4.43039e-11, 5.2673399999999996e-11, 9.20979e-11, 1.55051e-10, 2.17841e-10, 2.82613e-10, 3.50806e-10, 4.29861e-10, 6.56659e-10, 9.51466e-10, 1.264254e-09, 1.700634e-09, 2.214331e-09, 2.9124140000000003e-09, 4.5576920000000004e-09, 6.444953000000001e-09, 9.281508e-09, 1.236305e-08, 2.487757e-08, 4.195817e-08, 5.65398e-08, 9.388894000000001e-08, 1.385176e-07, 1.901702e-07, 3.112968e-07, 4.6047960000000004e-07, 6.794865e-07, 1.1263419999999998e-06, 1.653485e-06, 2.850063e-06, 4.3757529999999994e-06, 7.416273999999999e-06, 1.15235e-05, 1.752624e-05, 2.194755e-05, 2.4201350000000005e-05, 2.572323e-05, 3.197293e-05, 4.9044480000000007e-05, 7.736604000000001e-05, 0.00011720170000000001, 0.00016966960000000002, 0.00025103520000000005, 0.00036372270000000005, 0.0006012745, 0.001110759, 0.001818088, 0.002456153, 0.002995975, 0.003574697, 0.004196329, 0.004873398, 0.005625135000000001, 0.006490105, 0.007333236999999999, 0.007930766, 0.008671771, 0.009949113, 0.01138883, 0.012916200000000001, 0.01465041, 0.016508870000000002, 0.01857145, 0.020863230000000003, 0.02349809, 0.02634384, 0.02885911, 0.03165042, 0.03383409, 0.03545174, 0.03710658, 0.0376185, 0.03785733, 0.037819660000000005, 0.03749737, 0.03682978, 0.033901270000000004, 0.03180666, 0.03033026, 0.025813600000000003]"
22481,224820,2α,"[2.05145e-20, 1.1537399999999999e-19, 2.21299e-19, 3.3562199999999997e-19, 4.53037e-19, 5.76368e-19, 7.06059e-19, 8.07516e-19, 8.96921e-19, 1.0286200000000001e-18, 2.3553700000000004e-17, 2.85635e-16, 1.7565400000000001e-15, 1.72591e-14, 5.22207e-13, 8.124459999999999e-11, 3.61548e-10, 2.1590850000000003e-09, 1.4501569999999998e-07]"
22481,204800,2p,"[1.7160399999999999e-16, 1.02768e-15, 3.00902e-15, 3.33578e-12, 4.12684e-10, 1.291078e-08, 7.165517999999999e-08, 3.4906749999999997e-07, 1.819557e-06, 4.186776e-06, 7.708778e-06, 1.375479e-05, 2.2360120000000004e-05, 3.5511550000000004e-05, 9.152812000000002e-05, 0.00013107629999999998, 0.0001583742, 0.00023563260000000004]"
22481,214810,pα,"[2.76997e-22, 1.05865e-20, 2.6510799999999997e-20, 3.89685e-20, 4.99462e-20, 6.61167e-20, 1.35126e-17, 5.32311e-16, 4.1736800000000004e-15, 7.37286e-14, 4.25909e-12, 7.758740000000001e-10, 3.4824560000000004e-09, 1.969868e-08, 1.110457e-06]"
22481,214810,pd,"[9.31714e-16, 8.386170000000001e-15, 1.8237099999999998e-14, 1.96516e-10, 9.406750000000002e-10, 4.0657940000000007e-08, 4.233863e-06]"
22481,214810,pt,[2.16314e-17]
22481,224820,dα,"[2.5171599999999997e-21, 1.66954e-20, 2.86767e-20, 1.03972e-16]"
